DATE,BAMLC0A1CAAAEY,BAMLC0A4CBBBEY
2005-01-03,4.29,5.08
2005-01-04,4.36,5.14
2005-01-05,4.37,5.15
2005-01-06,4.36,5.16
2005-01-07,4.38,5.17
2005-01-10,4.38,5.17
2005-01-11,4.36,5.15
2005-01-12,4.35,5.14
2005-01-13,4.31,5.10
2005-01-14,4.35,5.14
2005-01-17,4.34,5.13
2005-01-18,4.34,5.13
2005-01-19,4.34,5.13
2005-01-20,4.31,5.13
2005-01-21,4.28,5.11
2005-01-24,4.28,5.08
2005-01-25,4.33,5.12
2005-01-26,4.34,5.12
2005-01-27,4.35,5.13
2005-01-28,4.30,5.08
2005-01-31,4.34,5.11
2005-02-01,4.34,5.10
2005-02-02,4.35,5.10
2005-02-03,4.37,5.12
2005-02-04,4.30,5.03
2005-02-07,4.29,5.01
2005-02-08,4.29,5.00
2005-02-09,4.24,4.96
2005-02-10,4.29,5.03
2005-02-11,4.33,5.06
2005-02-14,4.32,5.04
2005-02-15,4.34,5.06
2005-02-16,4.39,5.11
2005-02-17,4.40,5.12
2005-02-18,4.45,5.18
2005-02-21,4.45,5.18
2005-02-22,4.47,5.20
2005-02-23,4.46,5.19
2005-02-24,4.48,5.20
2005-02-25,4.48,5.20
2005-02-28,4.57,5.30
2005-03-01,4.57,5.30
2005-03-02,4.57,5.31
2005-03-03,4.58,5.31
2005-03-04,4.53,5.26
2005-03-07,4.53,5.26
2005-03-08,4.58,5.32
2005-03-09,4.67,5.42
2005-03-10,4.65,5.39
2005-03-11,4.72,5.46
2005-03-14,4.71,5.46
2005-03-15,4.72,5.48
2005-03-16,4.72,5.51
2005-03-17,4.68,5.50
2005-03-18,4.71,5.54
2005-03-21,4.72,5.60
2005-03-22,4.80,5.70
2005-03-23,4.83,5.72
2005-03-24,4.83,5.69
2005-03-25,.,.
2005-03-28,4.86,5.72
2005-03-29,4.83,5.72
2005-03-30,4.81,5.70
2005-03-31,4.82,5.68
2005-04-01,4.77,5.65
2005-04-04,4.79,5.67
2005-04-05,4.79,5.69
2005-04-06,4.76,5.64
2005-04-07,4.80,5.68
2005-04-08,4.82,5.70
2005-04-11,4.80,5.74
2005-04-12,4.73,5.66
2005-04-13,4.73,5.68
2005-04-14,4.70,5.70
2005-04-15,4.64,5.67
2005-04-18,4.62,5.69
2005-04-19,4.57,5.63
2005-04-20,4.58,5.60
2005-04-21,4.68,5.65
2005-04-22,4.64,5.58
2005-04-25,4.65,5.60
2005-04-26,4.66,5.63
2005-04-27,4.63,5.60
2005-04-28,4.57,5.55
2005-04-29,4.62,5.60
2005-04-30,4.62,5.62
2005-05-02,4.61,5.61
2005-05-03,4.63,5.63
2005-05-04,4.61,5.59
2005-05-05,4.57,5.61
2005-05-06,4.69,5.78
2005-05-09,4.71,5.77
2005-05-10,4.65,5.72
2005-05-11,4.64,5.72
2005-05-12,4.62,5.71
2005-05-13,4.58,5.70
2005-05-16,4.57,5.71
2005-05-17,4.57,5.72
2005-05-18,4.53,5.68
2005-05-19,4.58,5.70
2005-05-20,4.60,5.70
2005-05-23,4.55,5.63
2005-05-24,4.52,5.62
2005-05-25,4.54,5.61
2005-05-26,4.56,5.59
2005-05-27,4.56,5.55
2005-05-30,4.56,5.55
2005-05-31,4.49,5.30
2005-06-01,4.38,5.20
2005-06-02,4.38,5.15
2005-06-03,4.46,5.22
2005-06-06,4.44,5.21
2005-06-07,4.40,5.16
2005-06-08,4.44,5.20
2005-06-09,4.48,5.24
2005-06-10,4.55,5.32
2005-06-13,4.57,5.34
2005-06-14,4.60,5.36
2005-06-15,4.59,5.35
2005-06-16,4.56,5.32
2005-06-17,4.57,5.33
2005-06-20,4.58,5.34
2005-06-21,4.54,5.30
2005-06-22,4.44,5.23
2005-06-23,4.46,5.25
2005-06-24,4.42,5.22
2005-06-27,4.40,5.20
2005-06-28,4.47,5.25
2005-06-29,4.49,5.27
2005-06-30,4.47,5.24
2005-07-01,4.56,5.32
2005-07-04,4.56,5.32
2005-07-05,4.61,5.38
2005-07-06,4.58,5.36
2005-07-07,4.55,5.32
2005-07-08,4.62,5.38
2005-07-11,4.61,5.36
2005-07-12,4.65,5.39
2005-07-13,4.66,5.41
2005-07-14,4.67,5.41
2005-07-15,4.67,5.40
2005-07-18,4.70,5.43
2005-07-19,4.67,5.40
2005-07-20,4.66,5.38
2005-07-21,4.74,5.47
2005-07-22,4.70,5.42
2005-07-25,4.73,5.44
2005-07-26,4.73,5.43
2005-07-27,4.76,5.45
2005-07-28,4.71,5.38
2005-07-29,4.79,5.45
2005-07-31,4.79,5.47
2005-08-01,4.82,5.49
2005-08-02,4.83,5.51
2005-08-03,4.80,5.48
2005-08-04,4.82,5.50
2005-08-05,4.89,5.58
2005-08-08,4.92,5.61
2005-08-09,4.90,5.59
2005-08-10,4.90,5.58
2005-08-11,4.85,5.54
2005-08-12,4.78,5.47
2005-08-15,4.80,5.49
2005-08-16,4.76,5.44
2005-08-17,4.79,5.48
2005-08-18,4.74,5.43
2005-08-19,4.74,5.42
2005-08-22,4.74,5.42
2005-08-23,4.72,5.39
2005-08-24,4.71,5.39
2005-08-25,4.70,5.37
2005-08-26,4.74,5.41
2005-08-29,4.73,5.40
2005-08-30,4.64,5.32
2005-08-31,4.57,5.22
2005-09-01,4.52,5.20
2005-09-02,4.54,5.22
2005-09-05,4.53,5.22
2005-09-06,4.58,5.28
2005-09-07,4.63,5.33
2005-09-08,4.65,5.34
2005-09-09,4.64,5.33
2005-09-12,4.68,5.36
2005-09-13,4.64,5.33
2005-09-14,4.67,5.35
2005-09-15,4.70,5.39
2005-09-16,4.74,5.44
2005-09-19,4.72,5.43
2005-09-20,4.75,5.45
2005-09-21,4.71,5.41
2005-09-22,4.69,5.41
2005-09-23,4.76,5.47
2005-09-26,4.80,5.50
2005-09-27,4.82,5.52
2005-09-28,4.80,5.49
2005-09-29,4.82,5.52
2005-09-30,4.88,5.58
2005-10-03,4.92,5.62
2005-10-04,4.92,5.61
2005-10-05,4.91,5.60
2005-10-06,4.90,5.61
2005-10-07,4.90,5.61
2005-10-10,4.90,5.60
2005-10-11,4.92,5.64
2005-10-12,4.97,5.72
2005-10-13,4.99,5.76
2005-10-14,5.01,5.78
2005-10-17,5.01,5.75
2005-10-18,5.00,5.72
2005-10-19,4.98,5.71
2005-10-20,4.99,5.71
2005-10-21,4.93,5.64
2005-10-24,4.98,5.69
2005-10-25,5.04,5.75
2005-10-26,5.12,5.84
2005-10-27,5.09,5.82
2005-10-28,5.11,5.84
2005-10-31,5.11,5.85
2005-11-01,5.13,5.87
2005-11-02,5.15,5.90
2005-11-03,5.19,5.93
2005-11-04,5.20,5.95
2005-11-07,5.19,5.93
2005-11-08,5.14,5.88
2005-11-09,5.20,5.95
2005-11-10,5.14,5.89
2005-11-11,5.14,5.89
2005-11-14,5.19,5.95
2005-11-15,5.15,5.91
2005-11-16,5.09,5.87
2005-11-17,5.05,5.86
2005-11-18,5.09,5.88
2005-11-21,5.06,5.84
2005-11-22,5.01,5.80
2005-11-23,5.05,5.86
2005-11-24,5.06,5.86
2005-11-25,5.02,5.82
2005-11-28,5.00,5.80
2005-11-29,5.08,5.86
2005-11-30,5.11,5.90
2005-12-01,5.14,5.93
2005-12-02,5.14,5.93
2005-12-05,5.17,5.98
2005-12-06,5.11,5.92
2005-12-07,5.12,5.95
2005-12-08,5.07,5.89
2005-12-09,5.14,5.95
2005-12-12,5.15,5.95
2005-12-13,5.14,5.94
2005-12-14,5.06,5.87
2005-12-15,5.07,5.88
2005-12-16,5.06,5.86
2005-12-19,5.07,5.86
2005-12-20,5.09,5.90
2005-12-21,5.11,5.92
2005-12-22,5.07,5.87
2005-12-23,5.03,5.82
2005-12-26,.,.
2005-12-27,5.00,5.79
2005-12-28,5.03,5.82
2005-12-29,5.03,5.83
2005-12-30,5.06,5.85
2005-12-31,5.05,5.66
2006-01-02,.,.
2006-01-03,5.01,5.62
2006-01-04,4.99,5.61
2006-01-05,4.99,5.61
2006-01-06,5.02,5.63
2006-01-09,5.02,5.63
2006-01-10,5.06,5.68
2006-01-11,5.09,5.71
2006-01-12,5.05,5.66
2006-01-13,5.00,5.61
2006-01-16,5.00,5.60
2006-01-17,4.98,5.58
2006-01-18,4.99,5.59
2006-01-19,5.03,5.63
2006-01-20,5.01,5.61
2006-01-23,5.00,5.60
2006-01-24,5.03,5.63
2006-01-25,5.10,5.70
2006-01-26,5.14,5.74
2006-01-27,5.13,5.72
2006-01-30,5.16,5.75
2006-01-31,5.16,5.74
2006-02-01,5.20,5.77
2006-02-02,5.20,5.77
2006-02-03,5.19,5.75
2006-02-06,5.20,5.76
2006-02-07,5.21,5.77
2006-02-08,5.24,5.80
2006-02-09,5.24,5.78
2006-02-10,5.27,5.82
2006-02-13,5.26,5.81
2006-02-14,5.28,5.83
2006-02-15,5.28,5.82
2006-02-16,5.27,5.81
2006-02-17,5.23,5.76
2006-02-20,5.23,5.76
2006-02-21,5.26,5.78
2006-02-22,5.24,5.75
2006-02-23,5.28,5.78
2006-02-24,5.27,5.79
2006-02-27,5.29,5.80
2006-02-28,5.25,5.78
2006-03-01,5.28,5.81
2006-03-02,5.31,5.85
2006-03-03,5.35,5.90
2006-03-06,5.39,5.94
2006-03-07,5.39,5.94
2006-03-08,5.38,5.94
2006-03-09,5.37,5.94
2006-03-10,5.39,5.96
2006-03-13,5.41,5.98
2006-03-14,5.33,5.90
2006-03-15,5.34,5.92
2006-03-16,5.27,5.84
2006-03-17,5.29,5.85
2006-03-20,5.27,5.84
2006-03-21,5.34,5.90
2006-03-22,5.34,5.90
2006-03-23,5.37,5.93
2006-03-24,5.31,5.88
2006-03-27,5.34,5.90
2006-03-28,5.41,5.98
2006-03-29,5.43,6.01
2006-03-30,5.47,6.05
2006-03-31,5.48,6.07
2006-04-03,5.50,6.08
2006-04-04,5.48,6.07
2006-04-05,5.45,6.04
2006-04-06,5.49,6.09
2006-04-07,5.55,6.15
2006-04-10,5.55,6.15
2006-04-11,5.52,6.12
2006-04-12,5.56,6.16
2006-04-13,5.61,6.21
2006-04-14,.,.
2006-04-17,5.58,6.18
2006-04-18,5.54,6.14
2006-04-19,5.57,6.18
2006-04-20,5.58,6.18
2006-04-21,5.58,6.17
2006-04-24,5.55,6.14
2006-04-25,5.62,6.21
2006-04-26,5.66,6.24
2006-04-27,5.61,6.20
2006-04-28,5.58,6.17
2006-04-30,5.59,6.18
2006-05-01,5.64,6.23
2006-05-02,5.63,6.21
2006-05-03,5.66,6.23
2006-05-04,5.67,6.24
2006-05-05,5.64,6.21
2006-05-08,5.65,6.22
2006-05-09,5.66,6.22
2006-05-10,5.67,6.23
2006-05-11,5.68,6.25
2006-05-12,5.71,6.29
2006-05-15,5.68,6.26
2006-05-16,5.64,6.22
2006-05-17,5.69,6.28
2006-05-18,5.63,6.21
2006-05-19,5.63,6.20
2006-05-22,5.61,6.19
2006-05-23,5.64,6.22
2006-05-24,5.61,6.20
2006-05-25,5.64,6.24
2006-05-26,5.62,6.22
2006-05-29,5.62,6.22
2006-05-30,5.65,6.26
2006-05-31,5.70,6.33
2006-06-01,5.69,6.32
2006-06-02,5.58,6.21
2006-06-05,5.62,6.25
2006-06-06,5.61,6.25
2006-06-07,5.64,6.27
2006-06-08,5.62,6.25
2006-06-09,5.62,6.24
2006-06-12,5.63,6.25
2006-06-13,5.61,6.23
2006-06-14,5.70,6.33
2006-06-15,5.74,6.38
2006-06-16,5.76,6.40
2006-06-19,5.79,6.42
2006-06-20,5.80,6.44
2006-06-21,5.80,6.44
2006-06-22,5.84,6.49
2006-06-23,5.86,6.52
2006-06-26,5.88,6.54
2006-06-27,5.85,6.51
2006-06-28,5.89,6.55
2006-06-29,5.83,6.50
2006-06-30,5.78,6.44
2006-07-03,5.79,6.44
2006-07-04,5.79,6.44
2006-07-05,5.86,6.51
2006-07-06,5.82,6.48
2006-07-07,5.78,6.43
2006-07-10,5.77,6.42
2006-07-11,5.75,6.40
2006-07-12,5.75,6.40
2006-07-13,5.72,6.37
2006-07-14,5.70,6.37
2006-07-17,5.71,6.38
2006-07-18,5.77,6.44
2006-07-19,5.70,6.37
2006-07-20,5.67,6.33
2006-07-21,5.68,6.34
2006-07-24,5.68,6.34
2006-07-25,5.71,6.37
2006-07-26,5.67,6.33
2006-07-27,5.67,6.33
2006-07-28,5.62,6.27
2006-07-31,5.61,6.27
2006-08-01,5.60,6.26
2006-08-02,5.59,6.25
2006-08-03,5.59,6.24
2006-08-04,5.54,6.19
2006-08-07,5.56,6.21
2006-08-08,5.55,6.21
2006-08-09,5.55,6.22
2006-08-10,5.56,6.23
2006-08-11,5.61,6.27
2006-08-14,5.64,6.29
2006-08-15,5.57,6.22
2006-08-16,5.51,6.17
2006-08-17,5.51,6.17
2006-08-18,5.48,6.14
2006-08-21,5.46,6.12
2006-08-22,5.46,6.12
2006-08-23,5.47,6.13
2006-08-24,5.47,6.12
2006-08-25,5.45,6.11
2006-08-28,5.46,6.12
2006-08-29,5.45,6.11
2006-08-30,5.42,6.08
2006-08-31,5.39,6.06
2006-09-01,5.37,6.04
2006-09-04,5.38,6.04
2006-09-05,5.42,6.09
2006-09-06,5.44,6.11
2006-09-07,5.43,6.10
2006-09-08,5.40,6.07
2006-09-11,5.44,6.10
2006-09-12,5.41,6.08
2006-09-13,5.40,6.07
2006-09-14,5.43,6.09
2006-09-15,5.44,6.10
2006-09-18,5.46,6.11
2006-09-19,5.39,6.04
2006-09-20,5.38,6.04
2006-09-21,5.30,5.96
2006-09-22,5.26,5.92
2006-09-25,5.22,5.88
2006-09-26,5.25,5.91
2006-09-27,5.25,5.92
2006-09-28,5.28,5.95
2006-09-29,5.29,5.95
2006-09-30,5.28,5.96
2006-10-02,5.26,5.94
2006-10-03,5.26,5.94
2006-10-04,5.20,5.89
2006-10-05,5.25,5.93
2006-10-06,5.34,6.02
2006-10-09,5.34,6.02
2006-10-10,5.39,6.07
2006-10-11,5.43,6.11
2006-10-12,5.42,6.10
2006-10-13,5.45,6.12
2006-10-16,5.43,6.10
2006-10-17,5.42,6.08
2006-10-18,5.41,6.07
2006-10-19,5.43,6.09
2006-10-20,5.43,6.08
2006-10-23,5.47,6.12
2006-10-24,5.48,6.12
2006-10-25,5.43,6.08
2006-10-26,5.37,6.02
2006-10-27,5.33,5.98
2006-10-30,5.33,5.97
2006-10-31,5.26,5.91
2006-11-01,5.21,5.85
2006-11-02,5.24,5.88
2006-11-03,5.36,5.99
2006-11-06,5.36,5.98
2006-11-07,5.31,5.93
2006-11-08,5.28,5.90
2006-11-09,5.28,5.90
2006-11-10,5.25,5.86
2006-11-13,5.27,5.87
2006-11-14,5.24,5.84
2006-11-15,5.29,5.90
2006-11-16,5.33,5.93
2006-11-17,5.27,5.88
2006-11-20,5.26,5.87
2006-11-21,5.25,5.85
2006-11-22,5.24,5.84
2006-11-23,5.24,5.84
2006-11-24,5.22,5.82
2006-11-27,5.21,5.81
2006-11-28,5.18,5.79
2006-11-29,5.19,5.80
2006-11-30,5.12,5.75
2006-12-01,5.07,5.71
2006-12-04,5.06,5.71
2006-12-05,5.06,5.71
2006-12-06,5.11,5.75
2006-12-07,5.11,5.74
2006-12-08,5.18,5.81
2006-12-11,5.16,5.78
2006-12-12,5.13,5.76
2006-12-13,5.21,5.84
2006-12-14,5.24,5.87
2006-12-15,5.24,5.87
2006-12-18,5.23,5.86
2006-12-19,5.24,5.87
2006-12-20,5.23,5.86
2006-12-21,5.18,5.82
2006-12-22,5.25,5.89
2006-12-25,.,.
2006-12-26,5.24,5.87
2006-12-27,5.29,5.92
2006-12-28,5.32,5.95
2006-12-29,5.33,5.96
2006-12-31,5.34,5.98
2007-01-01,.,.
2007-01-02,5.32,5.95
2007-01-03,5.29,5.93
2007-01-04,5.24,5.88
2007-01-05,5.27,5.91
2007-01-08,5.28,5.92
2007-01-09,5.28,5.91
2007-01-10,5.30,5.94
2007-01-11,5.35,5.98
2007-01-12,5.38,6.01
2007-01-15,5.38,6.01
2007-01-16,5.37,5.99
2007-01-17,5.40,6.02
2007-01-18,5.38,5.99
2007-01-19,5.40,6.01
2007-01-22,5.39,5.99
2007-01-23,5.42,6.03
2007-01-24,5.43,6.02
2007-01-25,5.47,6.07
2007-01-26,5.49,6.08
2007-01-29,5.49,6.09
2007-01-30,5.48,6.08
2007-01-31,5.44,6.04
2007-02-01,5.45,6.04
2007-02-02,5.44,6.03
2007-02-05,5.42,6.01
2007-02-06,5.38,5.97
2007-02-07,5.36,5.94
2007-02-08,5.35,5.93
2007-02-09,5.40,5.98
2007-02-12,5.42,6.00
2007-02-13,5.43,6.01
2007-02-14,5.35,5.93
2007-02-15,5.32,5.90
2007-02-16,5.31,5.88
2007-02-19,5.30,5.88
2007-02-20,5.30,5.86
2007-02-21,5.31,5.87
2007-02-22,5.35,5.91
2007-02-23,5.30,5.86
2007-02-26,5.20,5.81
2007-02-27,5.09,5.72
2007-02-28,5.18,5.76
2007-03-01,5.18,5.77
2007-03-02,5.14,5.73
2007-03-05,5.15,5.76
2007-03-06,5.17,5.77
2007-03-07,5.14,5.75
2007-03-08,5.15,5.74
2007-03-09,5.23,5.82
2007-03-12,5.20,5.79
2007-03-13,5.14,5.74
2007-03-14,5.15,5.77
2007-03-15,5.18,5.79
2007-03-16,5.19,5.80
2007-03-19,5.22,5.82
2007-03-20,5.20,5.80
2007-03-21,5.16,5.77
2007-03-22,5.21,5.83
2007-03-23,5.24,5.86
2007-03-26,5.21,5.83
2007-03-27,5.23,5.85
2007-03-28,5.22,5.86
2007-03-29,5.24,5.87
2007-03-30,5.26,5.89
2007-03-31,5.26,5.91
2007-04-02,5.25,5.89
2007-04-03,5.28,5.92
2007-04-04,5.26,5.91
2007-04-05,5.28,5.93
2007-04-06,.,.
2007-04-09,5.36,6.00
2007-04-10,5.34,5.97
2007-04-11,5.35,5.98
2007-04-12,5.35,5.98
2007-04-13,5.38,6.00
2007-04-16,5.36,5.97
2007-04-17,5.31,5.92
2007-04-18,5.27,5.89
2007-04-19,5.28,5.90
2007-04-20,5.28,5.90
2007-04-23,5.26,5.88
2007-04-24,5.23,5.85
2007-04-25,5.25,5.87
2007-04-26,5.29,5.91
2007-04-27,5.30,5.92
2007-04-30,5.25,5.86
2007-05-01,5.25,5.87
2007-05-02,5.27,5.88
2007-05-03,5.30,5.90
2007-05-04,5.27,5.87
2007-05-07,5.27,5.87
2007-05-08,5.27,5.86
2007-05-09,5.31,5.90
2007-05-10,5.28,5.88
2007-05-11,5.30,5.90
2007-05-14,5.32,5.91
2007-05-15,5.34,5.93
2007-05-16,5.34,5.92
2007-05-17,5.38,5.97
2007-05-18,5.42,6.01
2007-05-21,5.41,6.00
2007-05-22,5.45,6.03
2007-05-23,5.47,6.06
2007-05-24,5.47,6.05
2007-05-25,5.48,6.06
2007-05-28,.,.
2007-05-29,5.51,6.08
2007-05-30,5.52,6.09
2007-05-31,5.54,6.13
2007-06-01,5.60,6.19
2007-06-04,5.58,6.16
2007-06-05,5.62,6.21
2007-06-06,5.61,6.20
2007-06-07,5.71,6.32
2007-06-08,5.72,6.34
2007-06-11,5.73,6.36
2007-06-12,5.82,6.45
2007-06-13,5.79,6.42
2007-06-14,5.81,6.43
2007-06-15,5.76,6.38
2007-06-18,5.74,6.35
2007-06-19,5.69,6.30
2007-06-20,5.72,6.34
2007-06-21,5.74,6.37
2007-06-22,5.71,6.35
2007-06-25,5.65,6.30
2007-06-26,5.69,6.33
2007-06-27,5.65,6.30
2007-06-28,5.71,6.36
2007-06-29,5.63,6.26
2007-06-30,5.65,6.29
2007-07-02,5.62,6.26
2007-07-03,5.67,6.30
2007-07-04,5.67,6.30
2007-07-05,5.76,6.39
2007-07-06,5.80,6.43
2007-07-09,5.77,6.40
2007-07-10,5.67,6.30
2007-07-11,5.70,6.34
2007-07-12,5.74,6.38
2007-07-13,5.73,6.38
2007-07-16,5.67,6.31
2007-07-17,5.71,6.35
2007-07-18,5.65,6.30
2007-07-19,5.67,6.33
2007-07-20,5.62,6.28
2007-07-23,5.64,6.31
2007-07-24,5.61,6.31
2007-07-25,5.58,6.30
2007-07-26,5.46,6.31
2007-07-27,5.50,6.36
2007-07-30,5.52,6.39
2007-07-31,5.50,6.37
2007-08-01,5.49,6.36
2007-08-02,5.50,6.35
2007-08-03,5.46,6.30
2007-08-06,5.49,6.34
2007-08-07,5.52,6.36
2007-08-08,5.62,6.45
2007-08-09,5.54,6.38
2007-08-10,5.52,6.38
2007-08-13,5.52,6.38
2007-08-14,5.48,6.34
2007-08-15,5.43,6.35
2007-08-16,5.31,6.30
2007-08-17,5.38,6.37
2007-08-20,5.34,6.34
2007-08-21,5.28,6.31
2007-08-22,5.35,6.34
2007-08-23,5.37,6.33
2007-08-24,5.42,6.36
2007-08-27,5.38,6.33
2007-08-28,5.29,6.27
2007-08-29,5.32,6.31
2007-08-30,5.28,6.26
2007-08-31,5.33,6.23
2007-09-03,5.33,6.23
2007-09-04,5.34,6.26
2007-09-05,5.24,6.17
2007-09-06,5.34,6.22
2007-09-07,5.22,6.11
2007-09-10,5.19,6.09
2007-09-11,5.25,6.14
2007-09-12,5.29,6.19
2007-09-13,5.37,6.26
2007-09-14,5.35,6.24
2007-09-17,5.37,6.25
2007-09-18,5.34,6.25
2007-09-19,5.36,6.25
2007-09-20,5.47,6.35
2007-09-21,5.41,6.30
2007-09-24,5.41,6.28
2007-09-25,5.38,6.26
2007-09-26,5.37,6.25
2007-09-27,5.33,6.21
2007-09-28,5.33,6.21
2007-09-30,5.33,6.23
2007-10-01,5.32,6.22
2007-10-02,5.30,6.20
2007-10-03,5.30,6.21
2007-10-04,5.29,6.19
2007-10-05,5.39,6.28
2007-10-08,5.39,6.28
2007-10-09,5.41,6.28
2007-10-10,5.41,6.27
2007-10-11,5.41,6.25
2007-10-12,5.44,6.28
2007-10-15,5.43,6.25
2007-10-16,5.40,6.24
2007-10-17,5.29,6.14
2007-10-18,5.24,6.10
2007-10-19,5.15,6.02
2007-10-22,5.16,6.04
2007-10-23,5.16,6.04
2007-10-24,5.08,5.98
2007-10-25,5.10,6.01
2007-10-26,5.13,6.04
2007-10-29,5.14,6.04
2007-10-30,5.15,6.05
2007-10-31,5.25,6.20
2007-11-01,5.15,6.10
2007-11-02,5.07,6.06
2007-11-05,5.09,6.09
2007-11-06,5.11,6.13
2007-11-07,5.07,6.12
2007-11-08,5.00,6.09
2007-11-09,4.97,6.07
2007-11-12,4.97,6.07
2007-11-13,5.04,6.14
2007-11-14,5.05,6.17
2007-11-15,4.92,6.08
2007-11-16,4.92,6.10
2007-11-19,4.84,6.07
2007-11-20,4.80,6.08
2007-11-21,4.76,6.05
2007-11-22,4.76,6.05
2007-11-23,4.78,6.07
2007-11-26,4.65,5.94
2007-11-27,4.74,6.07
2007-11-28,4.84,6.17
2007-11-29,4.78,6.11
2007-11-30,4.78,6.13
2007-12-03,4.69,6.06
2007-12-04,4.70,6.07
2007-12-05,4.71,6.12
2007-12-06,4.80,6.23
2007-12-07,4.92,6.34
2007-12-10,4.95,6.37
2007-12-11,4.79,6.22
2007-12-12,4.88,6.30
2007-12-13,4.97,6.39
2007-12-14,5.04,6.46
2007-12-17,5.00,6.41
2007-12-18,4.93,6.34
2007-12-19,4.89,6.29
2007-12-20,4.85,6.25
2007-12-21,4.98,6.38
2007-12-24,5.03,6.42
2007-12-25,.,.
2007-12-26,5.10,6.49
2007-12-27,5.02,6.41
2007-12-28,4.92,6.31
2007-12-31,4.88,6.28
2008-01-01,.,.
2008-01-02,4.73,6.14
2008-01-03,4.72,6.16
2008-01-04,4.67,6.13
2008-01-07,4.65,6.15
2008-01-08,4.71,6.18
2008-01-09,4.67,6.19
2008-01-10,4.73,6.24
2008-01-11,4.66,6.11
2008-01-14,4.63,6.11
2008-01-15,4.56,6.04
2008-01-16,4.57,6.06
2008-01-17,4.52,6.02
2008-01-18,4.50,6.03
2008-01-21,4.50,6.03
2008-01-22,4.36,5.94
2008-01-23,4.29,5.92
2008-01-24,4.48,6.12
2008-01-25,4.44,6.05
2008-01-28,4.43,6.05
2008-01-29,4.50,6.10
2008-01-30,4.55,6.18
2008-01-31,4.51,6.10
2008-02-01,4.45,6.05
2008-02-04,4.48,6.08
2008-02-05,4.39,6.02
2008-02-06,4.41,6.05
2008-02-07,4.49,6.15
2008-02-08,4.43,6.10
2008-02-11,4.41,6.09
2008-02-12,4.47,6.17
2008-02-13,4.45,6.17
2008-02-14,4.53,6.26
2008-02-15,4.51,6.25
2008-02-18,4.51,6.25
2008-02-19,4.62,6.36
2008-02-20,4.68,6.42
2008-02-21,4.54,6.30
2008-02-22,4.55,6.31
2008-02-25,4.66,6.43
2008-02-26,4.61,6.39
2008-02-27,4.60,6.38
2008-02-28,4.49,6.31
2008-02-29,4.34,6.18
2008-03-03,4.35,6.20
2008-03-04,4.41,6.27
2008-03-05,4.50,6.39
2008-03-06,4.50,6.38
2008-03-07,4.43,6.35
2008-03-10,4.42,6.31
2008-03-11,4.62,6.52
2008-03-12,4.50,6.43
2008-03-13,4.54,6.50
2008-03-14,4.42,6.37
2008-03-17,4.35,6.34
2008-03-18,4.47,6.49
2008-03-19,4.37,6.42
2008-03-20,4.37,6.41
2008-03-21,.,.
2008-03-24,4.57,6.60
2008-03-25,4.57,6.56
2008-03-26,4.53,6.54
2008-03-27,4.55,6.57
2008-03-28,4.51,6.53
2008-03-31,4.46,6.47
2008-04-01,4.59,6.59
2008-04-02,4.65,6.59
2008-04-03,4.65,6.60
2008-04-04,4.53,6.48
2008-04-07,4.60,6.50
2008-04-08,4.56,6.48
2008-04-09,4.46,6.40
2008-04-10,4.54,6.46
2008-04-11,4.51,6.41
2008-04-14,4.51,6.43
2008-04-15,4.57,6.49
2008-04-16,4.71,6.61
2008-04-17,4.78,6.65
2008-04-18,4.78,6.63
2008-04-21,4.74,6.58
2008-04-22,4.77,6.57
2008-04-23,4.78,6.56
2008-04-24,4.89,6.65
2008-04-25,4.93,6.67
2008-04-28,4.88,6.60
2008-04-29,4.84,6.57
2008-04-30,4.83,6.49
2008-05-01,4.84,6.46
2008-05-02,4.90,6.51
2008-05-05,4.89,6.50
2008-05-06,4.90,6.54
2008-05-07,4.87,6.50
2008-05-08,4.80,6.43
2008-05-09,4.78,6.40
2008-05-12,4.78,6.42
2008-05-13,4.93,6.55
2008-05-14,4.97,6.58
2008-05-15,4.88,6.49
2008-05-16,4.87,6.47
2008-05-19,4.84,6.45
2008-05-20,4.79,6.39
2008-05-21,4.85,6.45
2008-05-22,4.99,6.56
2008-05-23,4.90,6.49
2008-05-26,4.90,6.49
2008-05-27,4.99,6.58
2008-05-28,5.08,6.65
2008-05-29,5.12,6.69
2008-05-30,5.09,6.66
2008-05-31,5.10,6.60
2008-06-02,5.01,6.53
2008-06-03,4.93,6.46
2008-06-04,4.97,6.50
2008-06-05,5.02,6.56
2008-06-06,4.93,6.47
2008-06-09,5.07,6.57
2008-06-10,5.21,6.71
2008-06-11,5.17,6.67
2008-06-12,5.31,6.81
2008-06-13,5.36,6.86
2008-06-16,5.32,6.83
2008-06-17,5.28,6.80
2008-06-18,5.18,6.73
2008-06-19,5.25,6.80
2008-06-20,5.19,6.74
2008-06-23,5.25,6.79
2008-06-24,5.19,6.74
2008-06-25,5.18,6.75
2008-06-26,5.13,6.70
2008-06-27,5.11,6.69
2008-06-30,5.07,6.76
2008-07-01,5.10,6.79
2008-07-02,5.07,6.75
2008-07-03,5.06,6.76
2008-07-04,5.06,6.76
2008-07-07,5.00,6.73
2008-07-08,4.98,6.71
2008-07-09,4.94,6.69
2008-07-10,4.95,6.69
2008-07-11,5.11,6.84
2008-07-14,5.03,6.77
2008-07-15,4.99,6.76
2008-07-16,5.06,6.85
2008-07-17,5.17,6.97
2008-07-18,5.21,7.01
2008-07-21,5.21,7.00
2008-07-22,5.25,7.05
2008-07-23,5.29,7.10
2008-07-24,5.13,6.97
2008-07-25,5.21,7.07
2008-07-28,5.12,6.98
2008-07-29,5.14,7.01
2008-07-30,5.15,7.03
2008-07-31,5.10,6.97
2008-08-01,5.07,6.94
2008-08-04,5.09,6.96
2008-08-05,5.11,7.00
2008-08-06,5.14,7.04
2008-08-07,5.01,6.93
2008-08-08,5.04,6.95
2008-08-11,5.09,7.00
2008-08-12,5.00,6.93
2008-08-13,5.06,6.95
2008-08-14,5.00,6.90
2008-08-15,4.97,6.87
2008-08-18,4.93,6.84
2008-08-19,4.97,6.87
2008-08-20,4.93,6.84
2008-08-21,4.98,6.89
2008-08-22,5.03,6.94
2008-08-25,4.95,6.88
2008-08-26,4.96,6.89
2008-08-27,4.94,6.88
2008-08-28,4.97,6.91
2008-08-29,4.97,6.93
2008-08-31,4.97,6.93
2008-09-01,4.97,6.93
2008-09-02,4.91,6.87
2008-09-03,4.87,6.84
2008-09-04,4.84,6.81
2008-09-05,4.87,6.84
2008-09-08,4.87,6.86
2008-09-09,4.80,6.82
2008-09-10,4.84,6.89
2008-09-11,4.86,6.91
2008-09-12,4.98,7.02
2008-09-15,4.99,6.86
2008-09-16,5.38,7.00
2008-09-17,5.54,6.99
2008-09-18,5.94,7.07
2008-09-19,6.02,7.38
2008-09-22,5.89,7.42
2008-09-23,5.95,7.45
2008-09-24,5.85,7.43
2008-09-25,6.17,7.64
2008-09-26,6.34,7.64
2008-09-29,6.19,7.49
2008-09-30,6.45,7.89
2008-10-01,6.54,7.89
2008-10-02,6.38,7.93
2008-10-03,6.38,8.00
2008-10-06,6.28,7.89
2008-10-07,6.27,8.07
2008-10-08,6.52,8.36
2008-10-09,6.63,8.60
2008-10-10,6.95,8.99
2008-10-13,6.95,9.00
2008-10-14,6.90,9.20
2008-10-15,6.74,9.26
2008-10-16,6.80,9.41
2008-10-17,6.91,9.65
2008-10-20,6.87,9.70
2008-10-21,6.66,9.62
2008-10-22,6.63,9.59
2008-10-23,6.62,9.58
2008-10-24,6.86,9.82
2008-10-27,6.91,9.95
2008-10-28,6.89,10.09
2008-10-29,6.88,10.17
2008-10-30,6.88,10.22
2008-10-31,6.95,10.23
2008-11-03,6.84,10.15
2008-11-04,6.67,10.02
2008-11-05,6.56,9.91
2008-11-06,6.55,9.88
2008-11-07,6.60,9.92
2008-11-10,6.49,9.86
2008-11-11,6.49,9.86
2008-11-12,6.31,9.76
2008-11-13,6.35,9.86
2008-11-14,6.30,9.80
2008-11-17,6.26,9.79
2008-11-18,6.12,9.78
2008-11-19,6.11,9.75
2008-11-20,6.10,9.73
2008-11-21,6.28,9.89
2008-11-24,6.21,10.15
2008-11-25,6.05,10.02
2008-11-26,5.96,9.97
2008-11-27,5.96,9.97
2008-11-28,5.95,9.94
2008-11-30,5.94,10.01
2008-12-01,5.78,9.85
2008-12-02,5.76,9.91
2008-12-03,5.72,9.95
2008-12-04,5.64,9.89
2008-12-05,5.73,10.04
2008-12-08,5.78,10.09
2008-12-09,5.66,10.03
2008-12-10,5.65,10.05
2008-12-11,5.56,10.01
2008-12-12,5.52,9.99
2008-12-15,5.49,9.95
2008-12-16,5.34,9.84
2008-12-17,5.22,9.71
2008-12-18,5.04,9.58
2008-12-19,5.06,9.58
2008-12-22,5.05,9.60
2008-12-23,5.07,9.59
2008-12-24,5.07,9.58
2008-12-25,.,.
2008-12-26,5.04,9.54
2008-12-29,4.94,9.49
2008-12-30,4.92,9.41
2008-12-31,5.07,9.67
2009-01-01,.,.
2009-01-02,5.22,9.81
2009-01-05,5.19,9.73
2009-01-06,5.32,9.57
2009-01-07,5.29,9.43
2009-01-08,5.28,9.32
2009-01-09,5.23,9.22
2009-01-12,5.18,9.09
2009-01-13,5.12,9.08
2009-01-14,5.14,8.97
2009-01-15,5.20,8.98
2009-01-16,5.18,9.00
2009-01-19,5.18,9.00
2009-01-20,5.25,9.01
2009-01-21,5.39,9.14
2009-01-22,5.39,9.16
2009-01-23,5.45,9.19
2009-01-26,5.45,9.17
2009-01-27,5.34,9.01
2009-01-28,5.39,9.06
2009-01-29,5.50,9.09
2009-01-30,5.49,9.05
2009-01-31,5.66,9.15
2009-02-02,5.59,9.04
2009-02-03,5.71,9.13
2009-02-04,5.76,9.14
2009-02-05,5.72,9.09
2009-02-06,5.76,9.12
2009-02-09,5.79,9.10
2009-02-10,5.60,8.92
2009-02-11,5.50,8.85
2009-02-12,5.47,8.85
2009-02-13,5.59,9.01
2009-02-16,5.58,8.99
2009-02-17,5.42,8.85
2009-02-18,5.56,8.96
2009-02-19,5.68,9.07
2009-02-20,5.66,9.04
2009-02-23,5.68,9.06
2009-02-24,5.83,9.17
2009-02-25,6.04,9.29
2009-02-26,6.05,9.36
2009-02-27,6.10,9.40
2009-02-28,6.11,9.39
2009-03-02,6.13,9.33
2009-03-03,6.52,9.41
2009-03-04,8.13,9.50
2009-03-05,8.14,9.39
2009-03-06,8.16,9.46
2009-03-09,8.25,9.56
2009-03-10,8.10,9.68
2009-03-11,8.04,9.65
2009-03-12,7.55,9.64
2009-03-13,7.41,9.62
2009-03-16,6.95,9.65
2009-03-17,6.82,9.70
2009-03-18,6.36,9.35
2009-03-19,6.37,9.42
2009-03-20,6.35,9.43
2009-03-23,6.34,9.47
2009-03-24,6.27,9.45
2009-03-25,6.32,9.52
2009-03-26,6.24,9.45
2009-03-27,6.24,9.44
2009-03-30,6.22,9.40
2009-03-31,4.72,9.43
2009-04-01,4.68,9.41
2009-04-02,4.77,9.46
2009-04-03,4.91,9.57
2009-04-06,4.93,9.56
2009-04-07,4.91,9.49
2009-04-08,4.85,9.41
2009-04-09,4.89,9.39
2009-04-10,.,.
2009-04-13,4.80,9.26
2009-04-14,4.72,9.15
2009-04-15,4.70,9.07
2009-04-16,4.76,9.06
2009-04-17,4.82,9.05
2009-04-20,4.73,8.93
2009-04-21,4.71,8.96
2009-04-22,4.75,8.97
2009-04-23,4.72,8.93
2009-04-24,4.73,8.95
2009-04-27,4.67,8.86
2009-04-28,4.73,8.87
2009-04-29,4.77,8.83
2009-04-30,4.75,8.77
2009-05-01,4.76,8.69
2009-05-04,4.77,8.65
2009-05-05,4.77,8.56
2009-05-06,4.77,8.48
2009-05-07,4.88,8.44
2009-05-08,4.87,8.34
2009-05-11,4.77,8.24
2009-05-12,4.73,8.21
2009-05-13,4.66,8.16
2009-05-14,4.65,8.17
2009-05-15,4.67,8.16
2009-05-18,4.75,8.23
2009-05-19,4.65,8.18
2009-05-20,4.59,8.06
2009-05-21,4.67,8.12
2009-05-22,4.64,8.14
2009-05-25,4.64,8.14
2009-05-26,4.68,8.12
2009-05-27,4.80,8.16
2009-05-28,4.80,8.08
2009-05-29,4.56,7.84
2009-05-31,4.40,7.83
2009-06-01,4.60,7.96
2009-06-02,4.52,7.78
2009-06-03,4.46,7.63
2009-06-04,4.58,7.71
2009-06-05,4.78,7.84
2009-06-08,4.80,7.84
2009-06-09,4.75,7.76
2009-06-10,4.77,7.74
2009-06-11,4.71,7.62
2009-06-12,4.64,7.54
2009-06-15,4.56,7.44
2009-06-16,4.52,7.38
2009-06-17,4.52,7.36
2009-06-18,4.68,7.49
2009-06-19,4.50,7.42
2009-06-22,4.41,7.34
2009-06-23,4.38,7.31
2009-06-24,4.39,7.35
2009-06-25,4.29,7.23
2009-06-26,4.22,7.21
2009-06-29,4.21,7.21
2009-06-30,3.96,7.21
2009-07-01,3.90,7.20
2009-07-02,3.69,7.13
2009-07-03,3.69,7.13
2009-07-06,4.14,7.13
2009-07-07,4.06,7.10
2009-07-08,3.92,6.97
2009-07-09,4.01,7.08
2009-07-10,3.91,6.98
2009-07-13,3.93,7.01
2009-07-14,4.00,7.05
2009-07-15,4.14,7.13
2009-07-16,4.11,7.06
2009-07-17,4.17,7.09
2009-07-20,4.09,7.01
2009-07-21,3.98,6.88
2009-07-22,4.04,6.91
2009-07-23,4.18,7.00
2009-07-24,4.14,6.92
2009-07-27,4.18,6.90
2009-07-28,4.17,6.85
2009-07-29,4.16,6.78
2009-07-30,4.12,6.67
2009-07-31,3.99,6.54
2009-08-03,4.12,6.62
2009-08-04,4.14,6.58
2009-08-05,4.16,6.59
2009-08-06,4.14,6.50
2009-08-07,4.25,6.56
2009-08-10,4.14,6.45
2009-08-11,4.09,6.40
2009-08-12,4.05,6.42
2009-08-13,3.94,6.31
2009-08-14,3.89,6.27
2009-08-17,3.80,6.24
2009-08-18,3.85,6.29
2009-08-19,3.80,6.25
2009-08-20,3.81,6.23
2009-08-21,3.93,6.34
2009-08-24,3.84,6.26
2009-08-25,3.81,6.21
2009-08-26,3.80,6.18
2009-08-27,3.81,6.18
2009-08-28,3.78,6.15
2009-08-31,3.68,6.11
2009-09-01,3.67,6.09
2009-09-02,3.56,6.03
2009-09-03,3.60,6.06
2009-09-04,3.71,6.13
2009-09-07,3.71,6.13
2009-09-08,3.73,6.13
2009-09-09,3.75,6.12
2009-09-10,3.64,5.98
2009-09-11,3.62,5.95
2009-09-14,3.68,5.96
2009-09-15,3.68,5.96
2009-09-16,3.70,5.95
2009-09-17,3.63,5.86
2009-09-18,3.70,5.90
2009-09-21,3.70,5.89
2009-09-22,3.67,5.84
2009-09-23,3.64,5.80
2009-09-24,3.57,5.76
2009-09-25,3.55,5.74
2009-09-28,3.53,5.72
2009-09-29,3.52,5.72
2009-09-30,3.52,5.77
2009-10-01,3.42,5.69
2009-10-02,3.46,5.73
2009-10-05,3.46,5.73
2009-10-06,3.47,5.72
2009-10-07,3.41,5.65
2009-10-08,3.47,5.70
2009-10-09,3.60,5.79
2009-10-12,3.60,5.79
2009-10-13,3.51,5.71
2009-10-14,3.62,5.78
2009-10-15,3.66,5.80
2009-10-16,3.63,5.75
2009-10-19,3.61,5.73
2009-10-20,3.53,5.68
2009-10-21,3.61,5.72
2009-10-22,3.60,5.70
2009-10-23,3.66,5.73
2009-10-26,3.70,5.78
2009-10-27,3.60,5.68
2009-10-28,3.55,5.64
2009-10-29,3.63,5.71
2009-10-30,3.55,5.61
2009-10-31,3.59,5.64
2009-11-02,3.61,5.67
2009-11-03,3.63,5.70
2009-11-04,3.66,5.74
2009-11-05,3.63,5.71
2009-11-06,3.61,5.68
2009-11-09,3.60,5.66
2009-11-10,3.59,5.65
2009-11-11,3.59,5.65
2009-11-12,3.56,5.61
2009-11-13,3.55,5.59
2009-11-16,3.46,5.50
2009-11-17,3.44,5.48
2009-11-18,3.47,5.50
2009-11-19,3.39,5.46
2009-11-20,3.41,5.47
2009-11-23,3.42,5.47
2009-11-24,3.37,5.42
2009-11-25,3.34,5.40
2009-11-26,3.34,5.40
2009-11-27,3.27,5.35
2009-11-30,3.28,5.40
2009-12-01,3.32,5.44
2009-12-02,3.29,5.47
2009-12-03,3.36,5.49
2009-12-04,3.49,5.57
2009-12-07,3.47,5.50
2009-12-08,3.40,5.43
2009-12-09,3.40,5.45
2009-12-10,3.44,5.47
2009-12-11,3.50,5.50
2009-12-14,3.52,5.46
2009-12-15,3.57,5.48
2009-12-16,3.55,5.45
2009-12-17,3.41,5.33
2009-12-18,3.47,5.37
2009-12-21,3.58,5.46
2009-12-22,3.61,5.50
2009-12-23,3.61,5.50
2009-12-24,3.67,5.54
2009-12-25,.,.
2009-12-28,3.72,5.56
2009-12-29,3.70,5.53
2009-12-30,3.68,5.50
2009-12-31,3.73,5.58
2010-01-01,.,.
2010-01-04,3.68,5.54
2010-01-05,3.56,5.43
2010-01-06,3.59,5.42
2010-01-07,3.62,5.40
2010-01-08,3.58,5.34
2010-01-11,3.57,5.32
2010-01-12,3.49,5.24
2010-01-13,3.54,5.28
2010-01-14,3.47,5.22
2010-01-15,3.42,5.18
2010-01-18,3.42,5.18
2010-01-19,3.49,5.21
2010-01-20,3.44,5.18
2010-01-21,3.39,5.14
2010-01-22,3.37,5.14
2010-01-25,3.40,5.19
2010-01-26,3.40,5.20
2010-01-27,3.41,5.21
2010-01-28,3.42,5.21
2010-01-29,3.37,5.17
2010-01-31,3.46,5.15
2010-02-01,3.52,5.21
2010-02-02,3.50,5.18
2010-02-03,3.58,5.22
2010-02-04,3.50,5.16
2010-02-05,3.40,5.13
2010-02-08,3.46,5.18
2010-02-09,3.51,5.23
2010-02-10,3.57,5.28
2010-02-11,3.55,5.30
2010-02-12,3.50,5.26
2010-02-15,3.49,5.24
2010-02-16,3.46,5.23
2010-02-17,3.55,5.29
2010-02-18,3.58,5.31
2010-02-19,3.59,5.30
2010-02-22,3.58,5.28
2010-02-23,3.48,5.19
2010-02-24,3.48,5.19
2010-02-25,3.41,5.14
2010-02-26,3.36,5.09
2010-02-28,3.36,5.16
2010-03-01,3.40,5.19
2010-03-02,3.40,5.15
2010-03-03,3.41,5.15
2010-03-04,3.41,5.14
2010-03-05,3.46,5.18
2010-03-08,3.46,5.17
2010-03-09,3.45,5.14
2010-03-10,3.48,5.15
2010-03-11,3.50,5.15
2010-03-12,3.47,5.14
2010-03-15,3.46,5.11
2010-03-16,3.41,5.06
2010-03-17,3.42,5.05
2010-03-18,3.45,5.06
2010-03-19,3.43,5.07
2010-03-22,3.45,5.05
2010-03-23,3.45,5.05
2010-03-24,3.54,5.16
2010-03-25,3.57,5.19
2010-03-26,3.51,5.14
2010-03-29,3.54,5.14
2010-03-30,3.54,5.14
2010-03-31,3.50,5.13
2010-04-01,3.52,5.15
2010-04-02,.,.
2010-04-05,3.66,5.26
2010-04-06,3.62,5.23
2010-04-07,3.53,5.13
2010-04-08,3.54,5.15
2010-04-09,3.54,5.13
2010-04-12,3.50,5.09
2010-04-13,3.49,5.06
2010-04-14,3.50,5.07
2010-04-15,3.48,5.04
2010-04-16,3.39,4.96
2010-04-19,3.42,4.99
2010-04-20,3.42,4.99
2010-04-21,3.38,4.93
2010-04-22,3.40,4.96
2010-04-23,3.45,5.00
2010-04-26,3.42,4.99
2010-04-27,3.30,4.90
2010-04-28,3.38,4.97
2010-04-29,3.33,4.93
2010-04-30,3.28,4.92
2010-05-03,3.33,4.97
2010-05-04,3.26,4.91
2010-05-05,3.20,4.90
2010-05-06,3.08,4.85
2010-05-07,3.15,5.00
2010-05-10,3.21,5.02
2010-05-11,3.21,5.04
2010-05-12,3.23,5.04
2010-05-13,3.20,5.02
2010-05-14,3.10,4.93
2010-05-17,3.11,4.96
2010-05-18,3.05,4.90
2010-05-19,3.08,4.96
2010-05-20,3.08,4.99
2010-05-21,3.05,4.99
2010-05-24,3.07,5.03
2010-05-25,3.05,5.06
2010-05-26,3.15,5.12
2010-05-27,3.24,5.19
2010-05-28,3.20,5.13
2010-05-31,3.21,5.16
2010-06-01,3.18,5.18
2010-06-02,3.22,5.24
2010-06-03,3.27,5.24
2010-06-04,3.07,5.11
2010-06-07,3.08,5.12
2010-06-08,3.09,5.15
2010-06-09,3.11,5.16
2010-06-10,3.26,5.28
2010-06-11,3.14,5.19
2010-06-14,3.18,5.21
2010-06-15,3.21,5.23
2010-06-16,3.19,5.20
2010-06-17,3.10,5.12
2010-06-18,3.14,5.13
2010-06-21,3.14,5.11
2010-06-22,3.08,5.06
2010-06-23,3.04,5.02
2010-06-24,3.04,5.04
2010-06-25,3.00,5.03
2010-06-28,2.94,4.97
2010-06-29,2.90,4.94
2010-06-30,2.91,4.98
2010-07-01,2.93,4.97
2010-07-02,2.96,5.01
2010-07-05,2.96,5.01
2010-07-06,2.92,4.96
2010-07-07,2.94,4.99
2010-07-08,2.96,5.00
2010-07-09,2.99,5.01
2010-07-12,2.96,4.99
2010-07-13,3.01,5.01
2010-07-14,2.93,4.93
2010-07-15,2.88,4.87
2010-07-16,2.82,4.83
2010-07-19,2.85,4.85
2010-07-20,2.82,4.82
2010-07-21,2.79,4.77
2010-07-22,2.81,4.79
2010-07-23,2.85,4.81
2010-07-26,2.85,4.78
2010-07-27,2.85,4.79
2010-07-28,2.79,4.73
2010-07-29,2.78,4.70
2010-07-30,2.77,4.63
2010-07-31,2.68,4.67
2010-08-02,2.68,4.70
2010-08-03,2.61,4.64
2010-08-04,2.65,4.66
2010-08-05,2.62,4.63
2010-08-06,2.56,4.57
2010-08-09,2.57,4.56
2010-08-10,2.54,4.54
2010-08-11,2.50,4.50
2010-08-12,2.52,4.54
2010-08-13,2.49,4.51
2010-08-16,2.41,4.42
2010-08-17,2.44,4.46
2010-08-18,2.43,4.45
2010-08-19,2.38,4.40
2010-08-20,2.41,4.44
2010-08-23,2.40,4.42
2010-08-24,2.33,4.36
2010-08-25,2.37,4.42
2010-08-26,2.34,4.40
2010-08-27,2.43,4.51
2010-08-30,2.38,4.43
2010-08-31,2.40,4.43
2010-09-01,2.49,4.50
2010-09-02,2.50,4.51
2010-09-03,2.55,4.55
2010-09-06,2.55,4.54
2010-09-07,2.47,4.46
2010-09-08,2.51,4.50
2010-09-09,2.56,4.58
2010-09-10,2.58,4.58
2010-09-13,2.52,4.51
2010-09-14,2.46,4.44
2010-09-15,2.48,4.47
2010-09-16,2.50,4.49
2010-09-17,2.48,4.47
2010-09-20,2.45,4.44
2010-09-21,2.39,4.35
2010-09-22,2.37,4.33
2010-09-23,2.37,4.34
2010-09-24,2.38,4.37
2010-09-27,2.31,4.30
2010-09-28,2.28,4.26
2010-09-29,2.31,4.29
2010-09-30,2.37,4.33
2010-10-01,2.35,4.33
2010-10-04,2.33,4.30
2010-10-05,2.29,4.28
2010-10-06,2.23,4.22
2010-10-07,2.22,4.21
2010-10-08,2.21,4.19
2010-10-11,2.20,4.19
2010-10-12,2.24,4.21
2010-10-13,2.24,4.20
2010-10-14,2.28,4.24
2010-10-15,2.31,4.29
2010-10-18,2.25,4.23
2010-10-19,2.24,4.21
2010-10-20,2.23,4.21
2010-10-21,2.26,4.24
2010-10-22,2.27,4.24
2010-10-25,2.27,4.22
2010-10-26,2.34,4.28
2010-10-27,2.38,4.32
2010-10-28,2.33,4.27
2010-10-29,2.28,4.22
2010-10-31,2.28,4.26
2010-11-01,2.28,4.27
2010-11-02,2.26,4.23
2010-11-03,2.26,4.24
2010-11-04,2.18,4.13
2010-11-05,2.23,4.17
2010-11-08,2.27,4.19
2010-11-09,2.37,4.27
2010-11-10,2.33,4.26
2010-11-11,2.33,4.26
2010-11-12,2.47,4.36
2010-11-15,2.58,4.47
2010-11-16,2.53,4.43
2010-11-17,2.52,4.45
2010-11-18,2.54,4.46
2010-11-19,2.54,4.45
2010-11-22,2.46,4.40
2010-11-23,2.40,4.38
2010-11-24,2.57,4.49
2010-11-25,2.57,4.49
2010-11-26,2.53,4.45
2010-11-29,2.52,4.44
2010-11-30,2.46,4.46
2010-12-01,2.59,4.59
2010-12-02,2.62,4.61
2010-12-03,2.58,4.59
2010-12-06,2.50,4.51
2010-12-07,2.67,4.67
2010-12-08,2.76,4.72
2010-12-09,2.76,4.72
2010-12-10,2.77,4.75
2010-12-13,2.75,4.71
2010-12-14,2.84,4.82
2010-12-15,2.88,4.86
2010-12-16,2.86,4.83
2010-12-17,2.75,4.71
2010-12-20,2.80,4.73
2010-12-21,2.79,4.72
2010-12-22,2.82,4.74
2010-12-23,2.87,4.77
2010-12-24,2.87,4.77
2010-12-27,2.81,4.74
2010-12-28,2.92,4.83
2010-12-29,2.80,4.71
2010-12-30,2.82,4.73
2010-12-31,2.90,4.72
2011-01-03,2.91,4.73
2011-01-04,2.92,4.73
2011-01-05,3.06,4.82
2011-01-06,2.99,4.76
2011-01-07,2.88,4.68
2011-01-10,2.86,4.67
2011-01-11,2.87,4.68
2011-01-12,2.89,4.69
2011-01-13,2.84,4.64
2011-01-14,2.85,4.65
2011-01-17,2.84,4.64
2011-01-18,2.87,4.66
2011-01-19,2.85,4.63
2011-01-20,2.93,4.72
2011-01-21,2.91,4.68
2011-01-24,2.90,4.67
2011-01-25,2.84,4.60
2011-01-26,2.90,4.67
2011-01-27,2.85,4.62
2011-01-28,2.81,4.59
2011-01-31,2.88,4.67
2011-02-01,2.93,4.71
2011-02-02,3.01,4.74
2011-02-03,3.05,4.77
2011-02-04,3.15,4.84
2011-02-07,3.15,4.82
2011-02-08,3.23,4.87
2011-02-09,3.15,4.81
2011-02-10,3.21,4.86
2011-02-11,3.16,4.82
2011-02-14,3.10,4.79
2011-02-15,3.09,4.78
2011-02-16,3.10,4.78
2011-02-17,3.05,4.73
2011-02-18,3.05,4.74
2011-02-21,3.04,4.73
2011-02-22,2.94,4.64
2011-02-23,2.97,4.67
2011-02-24,2.94,4.65
2011-02-25,2.93,4.63
2011-02-28,2.98,4.65
2011-03-01,2.98,4.64
2011-03-02,3.01,4.67
2011-03-03,3.10,4.75
2011-03-04,3.01,4.67
2011-03-07,3.02,4.67
2011-03-08,3.05,4.70
2011-03-09,2.99,4.64
2011-03-10,2.93,4.59
2011-03-11,2.92,4.59
2011-03-14,2.88,4.54
2011-03-15,2.89,4.57
2011-03-16,2.81,4.50
2011-03-17,2.84,4.53
2011-03-18,2.86,4.54
2011-03-21,2.91,4.56
2011-03-22,2.92,4.56
2011-03-23,2.92,4.57
2011-03-24,2.96,4.60
2011-03-25,3.00,4.64
2011-03-28,3.01,4.64
2011-03-29,3.04,4.67
2011-03-30,3.01,4.65
2011-03-31,2.96,4.67
2011-04-01,2.98,4.67
2011-04-04,2.94,4.64
2011-04-05,3.01,4.68
2011-04-06,3.05,4.71
2011-04-07,3.02,4.70
2011-04-08,3.03,4.70
2011-04-11,3.03,4.70
2011-04-12,2.96,4.64
2011-04-13,2.93,4.61
2011-04-14,2.95,4.63
2011-04-15,2.88,4.56
2011-04-18,2.85,4.53
2011-04-19,2.84,4.52
2011-04-20,2.88,4.55
2011-04-21,2.88,4.55
2011-04-22,.,.
2011-04-25,2.85,4.51
2011-04-26,2.81,4.47
2011-04-27,2.83,4.50
2011-04-28,2.78,4.45
2011-04-29,2.74,4.43
2011-04-30,2.76,4.46
2011-05-02,2.76,4.45
2011-05-03,2.74,4.43
2011-05-04,2.72,4.41
2011-05-05,2.69,4.38
2011-05-06,2.67,4.37
2011-05-09,2.65,4.35
2011-05-10,2.70,4.39
2011-05-11,2.67,4.36
2011-05-12,2.69,4.39
2011-05-13,2.66,4.36
2011-05-16,2.63,4.32
2011-05-17,2.61,4.30
2011-05-18,2.66,4.35
2011-05-19,2.65,4.34
2011-05-20,2.64,4.32
2011-05-23,2.62,4.31
2011-05-24,2.63,4.31
2011-05-25,2.63,4.33
2011-05-26,2.57,4.27
2011-05-27,2.57,4.28
2011-05-30,2.56,4.28
2011-05-31,2.56,4.29
2011-06-01,2.51,4.24
2011-06-02,2.56,4.30
2011-06-03,2.53,4.28
2011-06-06,2.53,4.29
2011-06-07,2.52,4.29
2011-06-08,2.47,4.26
2011-06-09,2.52,4.30
2011-06-10,2.49,4.28
2011-06-13,2.52,4.30
2011-06-14,2.59,4.37
2011-06-15,2.49,4.28
2011-06-16,2.47,4.26
2011-06-17,2.49,4.29
2011-06-20,2.49,4.30
2011-06-21,2.51,4.31
2011-06-22,2.51,4.31
2011-06-23,2.44,4.26
2011-06-24,2.41,4.25
2011-06-27,2.48,4.32
2011-06-28,2.58,4.40
2011-06-29,2.61,4.43
2011-06-30,2.64,4.47
2011-07-01,2.67,4.49
2011-07-04,2.67,4.48
2011-07-05,2.60,4.43
2011-07-06,2.57,4.40
2011-07-07,2.63,4.44
2011-07-08,2.51,4.33
2011-07-11,2.43,4.27
2011-07-12,2.43,4.27
2011-07-13,2.42,4.26
2011-07-14,2.44,4.29
2011-07-15,2.42,4.27
2011-07-18,2.43,4.27
2011-07-19,2.42,4.27
2011-07-20,2.45,4.29
2011-07-21,2.51,4.34
2011-07-22,2.47,4.30
2011-07-25,2.50,4.32
2011-07-26,2.46,4.27
2011-07-27,2.49,4.30
2011-07-28,2.51,4.26
2011-07-29,2.40,4.15
2011-07-31,2.44,4.17
2011-08-01,2.41,4.13
2011-08-02,2.33,4.05
2011-08-03,2.33,4.05
2011-08-04,2.25,3.99
2011-08-05,2.33,4.09
2011-08-08,2.29,4.10
2011-08-09,2.18,4.04
2011-08-10,2.15,4.06
2011-08-11,2.24,4.24
2011-08-12,2.20,4.17
2011-08-15,2.24,4.19
2011-08-16,2.19,4.14
2011-08-17,2.16,4.11
2011-08-18,2.14,4.11
2011-08-19,2.14,4.13
2011-08-22,2.15,4.15
2011-08-23,2.18,4.23
2011-08-24,2.25,4.35
2011-08-25,2.22,4.32
2011-08-26,2.19,4.31
2011-08-29,2.23,4.37
2011-08-30,2.18,4.29
2011-08-31,2.26,4.32
2011-09-01,2.22,4.26
2011-09-02,2.16,4.17
2011-09-05,2.16,4.17
2011-09-06,2.16,4.20
2011-09-07,2.19,4.24
2011-09-08,2.16,4.21
2011-09-09,2.12,4.19
2011-09-12,2.16,4.25
2011-09-13,2.21,4.31
2011-09-14,2.21,4.32
2011-09-15,2.25,4.37
2011-09-16,2.24,4.36
2011-09-19,2.15,4.29
2011-09-20,2.17,4.30
2011-09-21,2.17,4.28
2011-09-22,2.12,4.32
2011-09-23,2.18,4.44
2011-09-26,2.23,4.52
2011-09-27,2.30,4.59
2011-09-28,2.28,4.58
2011-09-29,2.25,4.56
2011-09-30,2.22,4.60
2011-10-03,2.14,4.54
2011-10-04,2.16,4.64
2011-10-05,2.24,4.72
2011-10-06,2.29,4.74
2011-10-07,2.34,4.77
2011-10-10,2.34,4.77
2011-10-11,2.40,4.79
2011-10-12,2.42,4.77
2011-10-13,2.37,4.70
2011-10-14,2.39,4.68
2011-10-17,2.33,4.62
2011-10-18,2.32,4.60
2011-10-19,2.31,4.55
2011-10-20,2.32,4.56
2011-10-21,2.30,4.54
2011-10-24,2.30,4.53
2011-10-25,2.23,4.43
2011-10-26,2.28,4.48
2011-10-27,2.34,4.50
2011-10-28,2.28,4.41
2011-10-31,2.21,4.38
2011-11-01,2.11,4.33
2011-11-02,2.13,4.32
2011-11-03,2.17,4.36
2011-11-04,2.16,4.33
2011-11-07,2.12,4.31
2011-11-08,2.18,4.36
2011-11-09,2.14,4.35
2011-11-10,2.20,4.42
2011-11-11,2.20,4.42
2011-11-14,2.19,4.41
2011-11-15,2.21,4.45
2011-11-16,2.21,4.45
2011-11-17,2.20,4.45
2011-11-18,2.24,4.49
2011-11-21,2.22,4.51
2011-11-22,2.22,4.53
2011-11-23,2.19,4.51
2011-11-24,2.19,4.51
2011-11-25,2.24,4.58
2011-11-28,2.24,4.57
2011-11-29,2.25,4.60
2011-11-30,2.29,4.67
2011-12-01,2.37,4.69
2011-12-02,2.31,4.60
2011-12-05,2.32,4.57
2011-12-06,2.34,4.60
2011-12-07,2.31,4.54
2011-12-08,2.28,4.53
2011-12-09,2.34,4.59
2011-12-12,2.33,4.57
2011-12-13,2.33,4.54
2011-12-14,2.31,4.51
2011-12-15,2.33,4.52
2011-12-16,2.29,4.48
2011-12-19,2.27,4.46
2011-12-20,2.32,4.53
2011-12-21,2.36,4.56
2011-12-22,2.36,4.55
2011-12-23,2.41,4.61
2011-12-26,.,.
2011-12-27,2.40,4.59
2011-12-28,2.33,4.51
2011-12-29,2.32,4.49
2011-12-30,2.29,4.47
2011-12-31,2.07,4.55
2012-01-02,.,.
2012-01-03,2.13,4.58
2012-01-04,2.14,4.59
2012-01-05,2.14,4.57
2012-01-06,2.12,4.54
2012-01-09,2.11,4.52
2012-01-10,2.11,4.51
2012-01-11,2.08,4.48
2012-01-12,2.09,4.48
2012-01-13,2.05,4.43
2012-01-16,2.04,4.41
2012-01-17,2.04,4.40
2012-01-18,2.06,4.42
2012-01-19,2.10,4.44
2012-01-20,2.12,4.45
2012-01-23,2.14,4.45
2012-01-24,2.13,4.43
2012-01-25,2.08,4.37
2012-01-26,2.03,4.28
2012-01-27,2.02,4.24
2012-01-30,1.98,4.21
2012-01-31,1.97,4.20
2012-02-01,1.99,4.21
2012-02-02,1.99,4.18
2012-02-03,2.04,4.23
2012-02-06,2.00,4.18
2012-02-07,2.03,4.20
2012-02-08,2.02,4.19
2012-02-09,2.04,4.20
2012-02-10,1.99,4.15
2012-02-13,2.01,4.17
2012-02-14,1.98,4.12
2012-02-15,1.97,4.12
2012-02-16,2.01,4.17
2012-02-17,2.01,4.17
2012-02-20,2.01,4.16
2012-02-21,2.03,4.17
2012-02-22,2.00,4.13
2012-02-23,1.98,4.11
2012-02-24,1.99,4.09
2012-02-27,1.95,4.05
2012-02-28,1.94,4.03
2012-02-29,1.96,4.04
2012-03-01,1.99,4.06
2012-03-02,1.95,4.00
2012-03-05,1.97,4.02
2012-03-06,1.95,4.01
2012-03-07,1.97,4.03
2012-03-08,1.99,4.05
2012-03-09,1.99,4.06
2012-03-12,1.98,4.04
2012-03-13,2.02,4.09
2012-03-14,2.14,4.17
2012-03-15,2.09,4.16
2012-03-16,2.09,4.15
2012-03-19,2.15,4.19
2012-03-20,2.14,4.19
2012-03-21,2.08,4.13
2012-03-22,2.07,4.12
2012-03-23,2.04,4.10
2012-03-26,2.04,4.10
2012-03-27,2.00,4.06
2012-03-28,2.01,4.06
2012-03-29,1.98,4.04
2012-03-30,2.01,4.08
2012-03-31,1.97,4.12
2012-04-02,1.96,4.11
2012-04-03,2.02,4.17
2012-04-04,1.99,4.15
2012-04-05,1.96,4.12
2012-04-06,.,.
2012-04-09,1.90,4.04
2012-04-10,1.86,4.03
2012-04-11,1.90,4.07
2012-04-12,1.90,4.07
2012-04-13,1.87,4.04
2012-04-16,1.86,4.02
2012-04-17,1.88,4.03
2012-04-18,1.87,4.02
2012-04-19,1.86,4.01
2012-04-20,1.88,4.02
2012-04-23,1.86,4.00
2012-04-24,1.90,4.02
2012-04-25,1.93,4.02
2012-04-26,1.91,4.01
2012-04-27,1.91,3.99
2012-04-30,1.90,4.00
2012-05-01,1.92,4.02
2012-05-02,1.91,3.98
2012-05-03,1.90,3.97
2012-05-04,1.88,3.94
2012-05-07,1.88,3.95
2012-05-08,1.86,3.93
2012-05-09,1.87,3.95
2012-05-10,1.88,3.96
2012-05-11,1.86,3.94
2012-05-14,1.85,3.93
2012-05-15,1.86,3.95
2012-05-16,1.87,3.98
2012-05-17,1.85,4.00
2012-05-18,1.87,4.05
2012-05-21,1.88,4.08
2012-05-22,1.92,4.11
2012-05-23,1.88,4.08
2012-05-24,1.91,4.11
2012-05-25,1.90,4.10
2012-05-28,1.89,4.09
2012-05-29,1.88,4.09
2012-05-30,1.83,4.05
2012-05-31,1.87,4.05
2012-06-01,1.83,4.02
2012-06-04,1.86,4.07
2012-06-05,1.86,4.08
2012-06-06,1.91,4.12
2012-06-07,1.90,4.09
2012-06-08,1.89,4.08
2012-06-11,1.87,4.05
2012-06-12,1.92,4.11
2012-06-13,1.89,4.06
2012-06-14,1.89,4.06
2012-06-15,1.85,4.03
2012-06-18,1.86,4.02
2012-06-19,1.88,4.02
2012-06-20,1.89,4.02
2012-06-21,1.87,3.99
2012-06-22,1.90,4.02
2012-06-25,1.85,3.98
2012-06-26,1.87,4.00
2012-06-27,1.86,4.00
2012-06-28,1.83,3.97
2012-06-29,1.85,3.99
2012-06-30,1.85,4.03
2012-07-02,1.80,3.95
2012-07-03,1.82,3.97
2012-07-04,1.82,3.97
2012-07-05,1.80,3.94
2012-07-06,1.77,3.91
2012-07-09,1.75,3.88
2012-07-10,1.75,3.86
2012-07-11,1.73,3.85
2012-07-12,1.72,3.84
2012-07-13,1.72,3.83
2012-07-16,1.67,3.78
2012-07-17,1.69,3.78
2012-07-18,1.66,3.74
2012-07-19,1.67,3.74
2012-07-20,1.64,3.71
2012-07-23,1.62,3.71
2012-07-24,1.61,3.70
2012-07-25,1.61,3.70
2012-07-26,1.63,3.71
2012-07-27,1.67,3.75
2012-07-30,1.63,3.69
2012-07-31,1.61,3.69
2012-08-01,1.62,3.72
2012-08-02,1.61,3.68
2012-08-03,1.65,3.73
2012-08-06,1.64,3.70
2012-08-07,1.68,3.73
2012-08-08,1.70,3.74
2012-08-09,1.70,3.74
2012-08-10,1.68,3.71
2012-08-13,1.68,3.72
2012-08-14,1.71,3.75
2012-08-15,1.75,3.80
2012-08-16,1.75,3.82
2012-08-17,1.74,3.80
2012-08-20,1.73,3.79
2012-08-21,1.73,3.78
2012-08-22,1.68,3.71
2012-08-23,1.65,3.68
2012-08-24,1.66,3.69
2012-08-27,1.65,3.67
2012-08-28,1.63,3.66
2012-08-29,1.64,3.67
2012-08-30,1.62,3.65
2012-08-31,1.59,3.62
2012-09-03,1.58,3.62
2012-09-04,1.59,3.63
2012-09-05,1.60,3.64
2012-09-06,1.65,3.67
2012-09-07,1.63,3.64
2012-09-10,1.64,3.64
2012-09-11,1.63,3.64
2012-09-12,1.66,3.65
2012-09-13,1.65,3.63
2012-09-14,1.66,3.63
2012-09-17,1.65,3.60
2012-09-18,1.64,3.58
2012-09-19,1.62,3.55
2012-09-20,1.61,3.55
2012-09-21,1.60,3.53
2012-09-24,1.58,3.51
2012-09-25,1.57,3.50
2012-09-26,1.55,3.48
2012-09-27,1.55,3.49
2012-09-28,1.53,3.47
2012-09-30,1.57,3.48
2012-10-01,1.57,3.47
2012-10-02,1.56,3.45
2012-10-03,1.56,3.44
2012-10-04,1.58,3.45
2012-10-05,1.62,3.47
2012-10-08,1.61,3.47
2012-10-09,1.60,3.45
2012-10-10,1.59,3.42
2012-10-11,1.58,3.40
2012-10-12,1.57,3.37
2012-10-15,1.57,3.34
2012-10-16,1.59,3.35
2012-10-17,1.63,3.37
2012-10-18,1.63,3.36
2012-10-19,1.61,3.33
2012-10-22,1.62,3.35
2012-10-23,1.60,3.35
2012-10-24,1.60,3.35
2012-10-25,1.63,3.38
2012-10-26,1.59,3.34
2012-10-29,1.57,3.32
2012-10-30,.,.
2012-10-31,1.55,3.32
2012-11-01,1.56,3.34
2012-11-02,1.56,3.35
2012-11-05,1.54,3.32
2012-11-06,1.57,3.36
2012-11-07,1.52,3.32
2012-11-08,1.51,3.30
2012-11-09,1.51,3.32
2012-11-12,1.51,3.31
2012-11-13,1.50,3.32
2012-11-14,1.50,3.33
2012-11-15,1.52,3.34
2012-11-16,1.51,3.35
2012-11-19,1.53,3.36
2012-11-20,1.55,3.39
2012-11-21,1.57,3.41
2012-11-22,1.57,3.40
2012-11-23,1.58,3.41
2012-11-26,1.56,3.38
2012-11-27,1.55,3.37
2012-11-28,1.53,3.35
2012-11-29,1.53,3.35
2012-11-30,1.53,3.34
2012-12-03,1.53,3.35
2012-12-04,1.53,3.34
2012-12-05,1.52,3.33
2012-12-06,1.51,3.32
2012-12-07,1.53,3.34
2012-12-10,1.52,3.33
2012-12-11,1.54,3.34
2012-12-12,1.55,3.37
2012-12-13,1.57,3.38
2012-12-14,1.58,3.37
2012-12-17,1.58,3.38
2012-12-18,1.63,3.42
2012-12-19,1.61,3.39
2012-12-20,1.61,3.38
2012-12-21,1.59,3.35
2012-12-24,1.60,3.36
2012-12-25,.,.
2012-12-26,1.60,3.36
2012-12-27,1.57,3.32
2012-12-28,1.57,3.32
2012-12-31,2.00,3.33
2013-01-01,.,.
2013-01-02,2.05,3.36
2013-01-03,2.08,3.37
2013-01-04,2.09,3.36
2013-01-07,2.08,3.34
2013-01-08,2.05,3.32
2013-01-09,2.04,3.30
2013-01-10,2.06,3.32
2013-01-11,2.05,3.31
2013-01-14,2.03,3.30
2013-01-15,2.01,3.28
2013-01-16,2.01,3.28
2013-01-17,2.05,3.31
2013-01-18,2.02,3.29
2013-01-21,2.02,3.29
2013-01-22,2.01,3.28
2013-01-23,2.02,3.28
2013-01-24,2.02,3.28
2013-01-25,2.09,3.34
2013-01-28,2.10,3.36
2013-01-29,2.09,3.37
2013-01-30,2.11,3.38
2013-01-31,2.11,3.42
2013-02-01,2.12,3.43
2013-02-04,2.10,3.42
2013-02-05,2.12,3.44
2013-02-06,2.10,3.42
2013-02-07,2.08,3.41
2013-02-08,2.08,3.41
2013-02-11,2.08,3.41
2013-02-12,2.10,3.43
2013-02-13,2.12,3.45
2013-02-14,2.09,3.41
2013-02-15,2.09,3.42
2013-02-18,2.09,3.42
2013-02-19,2.11,3.43
2013-02-20,2.11,3.43
2013-02-21,2.08,3.41
2013-02-22,2.07,3.39
2013-02-25,2.02,3.34
2013-02-26,2.01,3.35
2013-02-27,2.03,3.36
2013-02-28,2.01,3.36
2013-03-01,1.99,3.34
2013-03-04,2.01,3.36
2013-03-05,2.02,3.36
2013-03-06,2.05,3.38
2013-03-07,2.08,3.41
2013-03-08,2.11,3.44
2013-03-11,2.11,3.44
2013-03-12,2.09,3.41
2013-03-13,2.09,3.41
2013-03-14,2.10,3.41
2013-03-15,2.08,3.38
2013-03-18,2.06,3.37
2013-03-19,2.03,3.34
2013-03-20,2.05,3.36
2013-03-21,2.05,3.36
2013-03-22,2.04,3.36
2013-03-25,2.04,3.35
2013-03-26,2.04,3.35
2013-03-27,2.01,3.33
2013-03-28,2.03,3.34
2013-03-29,.,.
2013-03-31,2.03,3.37
2013-04-01,2.02,3.36
2013-04-02,2.03,3.37
2013-04-03,1.99,3.34
2013-04-04,1.97,3.29
2013-04-05,1.93,3.25
2013-04-08,1.95,3.26
2013-04-09,1.96,3.26
2013-04-10,1.99,3.29
2013-04-11,1.98,3.27
2013-04-12,1.94,3.23
2013-04-15,1.93,3.22
2013-04-16,1.95,3.23
2013-04-17,1.95,3.23
2013-04-18,1.94,3.23
2013-04-19,1.95,3.24
2013-04-22,1.94,3.23
2013-04-23,1.94,3.22
2013-04-24,1.94,3.21
2013-04-25,1.95,3.21
2013-04-26,1.92,3.18
2013-04-29,1.93,3.18
2013-04-30,1.93,3.21
2013-05-01,1.91,3.18
2013-05-02,1.91,3.16
2013-05-03,1.97,3.22
2013-05-06,1.98,3.23
2013-05-07,1.99,3.23
2013-05-08,1.98,3.21
2013-05-09,1.99,3.22
2013-05-10,2.05,3.27
2013-05-13,2.05,3.30
2013-05-14,2.07,3.30
2013-05-15,2.06,3.30
2013-05-16,2.02,3.24
2013-05-17,2.07,3.29
2013-05-20,2.07,3.30
2013-05-21,2.06,3.29
2013-05-22,2.10,3.34
2013-05-23,2.10,3.34
2013-05-24,2.09,3.34
2013-05-27,2.09,3.34
2013-05-28,2.16,3.42
2013-05-29,2.16,3.45
2013-05-30,2.16,3.46
2013-05-31,2.30,3.54
2013-06-03,2.29,3.55
2013-06-04,2.30,3.57
2013-06-05,2.29,3.59
2013-06-06,2.28,3.60
2013-06-07,2.35,3.65
2013-06-10,2.38,3.70
2013-06-11,2.38,3.74
2013-06-12,2.40,3.76
2013-06-13,2.37,3.73
2013-06-14,2.32,3.65
2013-06-17,2.34,3.67
2013-06-18,2.34,3.69
2013-06-19,2.44,3.79
2013-06-20,2.53,3.97
2013-06-21,2.59,4.05
2013-06-24,2.63,4.16
2013-06-25,2.65,4.17
2013-06-26,2.61,4.12
2013-06-27,2.56,4.05
2013-06-28,2.55,4.04
2013-06-30,2.70,4.06
2013-07-01,2.69,4.06
2013-07-02,2.68,4.04
2013-07-03,2.70,4.07
2013-07-04,2.70,4.07
2013-07-05,2.84,4.22
2013-07-08,2.77,4.16
2013-07-09,2.76,4.13
2013-07-10,2.79,4.15
2013-07-11,2.71,4.06
2013-07-12,2.74,4.07
2013-07-15,2.70,4.01
2013-07-16,2.68,3.98
2013-07-17,2.65,3.94
2013-07-18,2.67,3.93
2013-07-19,2.63,3.89
2013-07-22,2.62,3.87
2013-07-23,2.64,3.88
2013-07-24,2.69,3.94
2013-07-25,2.69,3.95
2013-07-26,2.65,3.92
2013-07-29,2.68,3.94
2013-07-30,2.68,3.94
2013-07-31,2.75,3.97
2013-08-01,2.84,4.04
2013-08-02,2.75,3.96
2013-08-05,2.77,3.98
2013-08-06,2.77,3.99
2013-08-07,2.74,3.97
2013-08-08,2.74,3.96
2013-08-09,2.73,3.95
2013-08-12,2.75,3.97
2013-08-13,2.83,4.04
2013-08-14,2.82,4.04
2013-08-15,2.86,4.08
2013-08-16,2.91,4.13
2013-08-19,2.95,4.18
2013-08-20,2.90,4.14
2013-08-21,2.94,4.19
2013-08-22,2.98,4.23
2013-08-23,2.92,4.17
2013-08-26,2.90,4.15
2013-08-27,2.83,4.10
2013-08-28,2.88,4.15
2013-08-29,2.86,4.12
2013-08-30,.,.
2013-09-02,2.85,4.13
2013-09-03,2.93,4.20
2013-09-04,2.97,4.24
2013-09-05,3.06,4.32
2013-09-06,3.02,4.28
2013-09-09,2.98,4.23
2013-09-10,3.02,4.27
2013-09-11,2.99,4.24
2013-09-12,2.98,4.22
2013-09-13,2.98,4.22
2013-09-16,2.96,4.17
2013-09-17,2.95,4.15
2013-09-18,2.84,4.05
2013-09-19,2.86,4.03
2013-09-20,2.84,4.02
2013-09-23,2.83,4.01
2013-09-24,2.79,3.97
2013-09-25,2.75,3.94
2013-09-26,2.77,3.96
2013-09-27,2.76,3.96
2013-09-30,2.76,4.03
2013-10-01,2.79,4.04
2013-10-02,2.77,4.02
2013-10-03,2.76,4.00
2013-10-04,2.79,4.02
2013-10-07,2.78,4.01
2013-10-08,2.79,4.02
2013-10-09,2.80,4.02
2013-10-10,2.81,4.02
2013-10-11,2.79,4.00
2013-10-14,2.79,3.99
2013-10-15,2.81,4.00
2013-10-16,2.77,3.96
2013-10-17,2.71,3.89
2013-10-18,2.72,3.87
2013-10-21,2.74,3.88
2013-10-22,2.67,3.81
2013-10-23,2.66,3.79
2013-10-24,2.69,3.81
2013-10-25,2.67,3.80
2013-10-28,2.68,3.80
2013-10-29,2.67,3.79
2013-10-30,2.67,3.79
2013-10-31,2.74,3.82
2013-11-01,2.79,3.87
2013-11-04,2.78,3.86
2013-11-05,2.81,3.90
2013-11-06,2.79,3.89
2013-11-07,2.77,3.86
2013-11-08,2.85,3.96
2013-11-11,2.85,3.95
2013-11-12,2.87,3.99
2013-11-13,2.84,3.96
2013-11-14,2.79,3.91
2013-11-15,2.80,3.90
2013-11-18,2.77,3.86
2013-11-19,2.80,3.88
2013-11-20,2.84,3.92
2013-11-21,2.83,3.91
2013-11-22,2.80,3.89
2013-11-25,2.78,3.87
2013-11-26,2.76,3.84
2013-11-27,2.78,3.86
2013-11-28,2.78,3.86
2013-11-29,2.78,3.86
2013-11-30,2.79,3.88
2013-12-02,2.84,3.89
2013-12-03,2.82,3.87
2013-12-04,2.87,3.92
2013-12-05,2.88,3.93
2013-12-06,2.88,3.94
2013-12-09,2.87,3.92
2013-12-10,2.83,3.86
2013-12-11,2.86,3.89
2013-12-12,2.87,3.91
2013-12-13,2.86,3.90
2013-12-16,2.86,3.89
2013-12-17,2.84,3.86
2013-12-18,2.84,3.87
2013-12-19,2.87,3.89
2013-12-20,2.84,3.87
2013-12-23,2.87,3.89
2013-12-24,2.91,3.93
2013-12-25,.,.
2013-12-26,2.92,3.93
2013-12-27,2.92,3.93
2013-12-30,2.89,3.90
2013-12-31,2.94,3.94
2014-01-01,.,.
2014-01-02,2.92,3.92
2014-01-03,2.93,3.92
2014-01-06,2.90,3.89
2014-01-07,2.89,3.86
2014-01-08,2.91,3.91
2014-01-09,2.89,3.89
2014-01-10,2.81,3.82
2014-01-13,2.78,3.79
2014-01-14,2.81,3.81
2014-01-15,2.83,3.82
2014-01-16,2.81,3.79
2014-01-17,2.79,3.78
2014-01-20,2.79,3.77
2014-01-21,2.78,3.77
2014-01-22,2.82,3.80
2014-01-23,2.76,3.75
2014-01-24,2.74,3.76
2014-01-27,2.76,3.78
2014-01-28,2.74,3.76
2014-01-29,2.70,3.72
2014-01-30,2.71,3.74
2014-01-31,2.70,3.76
2014-02-03,2.65,3.72
2014-02-04,2.67,3.74
2014-02-05,2.70,3.76
2014-02-06,2.73,3.77
2014-02-07,2.70,3.73
2014-02-10,2.70,3.73
2014-02-11,2.73,3.75
2014-02-12,2.77,3.77
2014-02-13,2.72,3.72
2014-02-14,2.73,3.71
2014-02-17,2.73,3.71
2014-02-18,2.70,3.68
2014-02-19,2.72,3.70
2014-02-20,2.74,3.71
2014-02-21,2.72,3.70
2014-02-24,2.73,3.70
2014-02-25,2.69,3.66
2014-02-26,2.67,3.64
2014-02-27,2.64,3.62
2014-02-28,2.66,3.64
2014-03-03,2.63,3.62
2014-03-04,2.68,3.67
2014-03-05,2.69,3.67
2014-03-06,2.72,3.69
2014-03-07,2.76,3.74
2014-03-10,2.76,3.74
2014-03-11,2.75,3.73
2014-03-12,2.72,3.72
2014-03-13,2.67,3.68
2014-03-14,2.68,3.68
2014-03-17,2.72,3.70
2014-03-18,2.70,3.68
2014-03-19,2.79,3.74
2014-03-20,2.79,3.75
2014-03-21,2.78,3.73
2014-03-24,2.77,3.73
2014-03-25,2.76,3.72
2014-03-26,2.72,3.68
2014-03-27,2.71,3.65
2014-03-28,2.74,3.67
2014-03-31,2.66,3.71
2014-04-01,2.67,3.71
2014-04-02,2.70,3.74
2014-04-03,2.69,3.73
2014-04-04,2.63,3.67
2014-04-07,2.61,3.64
2014-04-08,2.60,3.63
2014-04-09,2.59,3.62
2014-04-10,2.54,3.57
2014-04-11,2.53,3.56
2014-04-14,2.55,3.58
2014-04-15,2.55,3.58
2014-04-16,2.56,3.59
2014-04-17,2.62,3.63
2014-04-18,.,.
2014-04-21,2.62,3.63
2014-04-22,2.62,3.63
2014-04-23,2.59,3.60
2014-04-24,2.60,3.60
2014-04-25,2.58,3.59
2014-04-28,2.60,3.60
2014-04-29,2.61,3.60
2014-04-30,2.60,3.60
2014-05-01,2.57,3.56
2014-05-02,2.57,3.56
2014-05-05,2.58,3.56
2014-05-06,2.57,3.55
2014-05-07,2.56,3.53
2014-05-08,2.54,3.51
2014-05-09,2.55,3.52
2014-05-12,2.58,3.55
2014-05-13,2.55,3.51
2014-05-14,2.49,3.45
2014-05-15,2.47,3.43
2014-05-16,2.48,3.44
2014-05-19,2.48,3.44
2014-05-20,2.46,3.42
2014-05-21,2.49,3.44
2014-05-22,2.50,3.46
2014-05-23,2.48,3.44
2014-05-26,2.48,3.43
2014-05-27,2.47,3.42
2014-05-28,2.42,3.36
2014-05-29,2.43,3.36
2014-05-30,2.43,3.37
2014-05-31,2.47,3.40
2014-06-02,2.53,3.46
2014-06-03,2.57,3.49
2014-06-04,2.57,3.50
2014-06-05,2.56,3.48
2014-06-06,2.57,3.48
2014-06-09,2.59,3.48
2014-06-10,2.61,3.49
2014-06-11,2.60,3.50
2014-06-12,2.57,3.46
2014-06-13,2.59,3.49
2014-06-16,2.58,3.48
2014-06-17,2.62,3.52
2014-06-18,2.60,3.49
2014-06-19,2.59,3.48
2014-06-20,2.60,3.48
2014-06-23,2.59,3.47
2014-06-24,2.57,3.44
2014-06-25,2.55,3.42
2014-06-26,2.52,3.40
2014-06-27,2.53,3.40
2014-06-30,2.51,3.42
2014-07-01,2.55,3.46
2014-07-02,2.60,3.50
2014-07-03,2.62,3.52
2014-07-04,2.62,3.52
2014-07-07,2.60,3.50
2014-07-08,2.57,3.46
2014-07-09,2.55,3.45
2014-07-10,2.53,3.44
2014-07-11,2.53,3.43
2014-07-14,2.54,3.44
2014-07-15,2.55,3.45
2014-07-16,2.55,3.45
2014-07-17,2.51,3.42
2014-07-18,2.52,3.44
2014-07-21,2.52,3.44
2014-07-22,2.51,3.43
2014-07-23,2.51,3.42
2014-07-24,2.54,3.45
2014-07-25,2.51,3.43
2014-07-28,2.53,3.45
2014-07-29,2.50,3.43
2014-07-30,2.57,3.50
2014-07-31,2.59,3.53
2014-08-01,2.54,3.50
2014-08-04,2.53,3.49
2014-08-05,2.53,3.49
2014-08-06,2.52,3.50
2014-08-07,2.48,3.47
2014-08-08,2.48,3.48
2014-08-11,2.49,3.48
2014-08-12,2.50,3.48
2014-08-13,2.47,3.45
2014-08-14,2.45,3.43
2014-08-15,2.42,3.39
2014-08-18,2.45,3.42
2014-08-19,2.47,3.43
2014-08-20,2.50,3.45
2014-08-21,2.49,3.43
2014-08-22,2.50,3.43
2014-08-25,2.50,3.42
2014-08-26,2.50,3.42
2014-08-27,2.48,3.39
2014-08-28,2.46,3.38
2014-08-29,2.46,3.38
2014-08-31,2.46,3.40
2014-09-01,2.46,3.40
2014-09-02,2.52,3.45
2014-09-03,2.52,3.44
2014-09-04,2.55,3.47
2014-09-05,2.54,3.47
2014-09-08,2.55,3.47
2014-09-09,2.58,3.51
2014-09-10,2.61,3.54
2014-09-11,2.60,3.54
2014-09-12,2.65,3.60
2014-09-15,2.63,3.58
2014-09-16,2.62,3.58
2014-09-17,2.64,3.59
2014-09-18,2.65,3.61
2014-09-19,2.63,3.58
2014-09-22,2.61,3.56
2014-09-23,2.58,3.54
2014-09-24,2.61,3.57
2014-09-25,2.57,3.54
2014-09-26,2.59,3.58
2014-09-29,2.56,3.58
2014-09-30,2.68,3.63
2014-10-01,2.61,3.57
2014-10-02,2.63,3.59
2014-10-03,2.65,3.60
2014-10-06,2.62,3.57
2014-10-07,2.57,3.52
2014-10-08,2.54,3.50
2014-10-09,2.54,3.50
2014-10-10,2.53,3.50
2014-10-13,2.52,3.50
2014-10-14,2.44,3.43
2014-10-15,2.37,3.37
2014-10-16,2.43,3.43
2014-10-17,2.47,3.45
2014-10-20,2.44,3.43
2014-10-21,2.46,3.44
2014-10-22,2.48,3.46
2014-10-23,2.52,3.50
2014-10-24,2.52,3.50
2014-10-27,2.51,3.48
2014-10-28,2.53,3.50
2014-10-29,2.57,3.53
2014-10-30,2.55,3.52
2014-10-31,2.58,3.58
2014-11-03,2.59,3.59
2014-11-04,2.59,3.60
2014-11-05,2.59,3.61
2014-11-06,2.61,3.64
2014-11-07,2.57,3.61
2014-11-10,2.60,3.64
2014-11-11,2.60,3.64
2014-11-12,2.60,3.64
2014-11-13,2.59,3.64
2014-11-14,2.56,3.64
2014-11-17,2.58,3.67
2014-11-18,2.57,3.67
2014-11-19,2.61,3.69
2014-11-20,2.59,3.68
2014-11-21,2.58,3.65
2014-11-24,2.58,3.64
2014-11-25,2.52,3.61
2014-11-26,2.50,3.59
2014-11-27,2.50,3.58
2014-11-28,2.46,3.56
2014-11-30,2.44,3.60
2014-12-01,2.47,3.63
2014-12-02,2.52,3.69
2014-12-03,2.54,3.71
2014-12-04,2.51,3.69
2014-12-05,2.57,3.76
2014-12-08,2.55,3.74
2014-12-09,2.52,3.75
2014-12-10,2.48,3.74
2014-12-11,2.49,3.76
2014-12-12,2.43,3.74
2014-12-15,2.45,3.80
2014-12-16,2.42,3.83
2014-12-17,2.50,3.87
2014-12-18,2.53,3.86
2014-12-19,2.52,3.83
2014-12-22,2.51,3.81
2014-12-23,2.58,3.87
2014-12-24,2.57,3.87
2014-12-25,.,.
2014-12-26,2.57,3.86
2014-12-29,2.52,3.83
2014-12-30,2.50,3.81
2014-12-31,2.50,3.81
2015-01-01,.,.
2015-01-02,2.46,3.78
2015-01-05,2.41,3.76
2015-01-06,2.35,3.73
2015-01-07,2.34,3.71
2015-01-08,2.38,3.73
2015-01-09,2.34,3.70
2015-01-12,2.29,3.66
2015-01-13,2.27,3.66
2015-01-14,2.23,3.63
2015-01-15,2.19,3.58
2015-01-16,.,.
2015-01-19,2.23,3.63
2015-01-20,2.22,3.61
2015-01-21,2.25,3.65
2015-01-22,2.27,3.66
2015-01-23,2.22,3.60
2015-01-26,2.23,3.61
2015-01-27,2.22,3.60
2015-01-28,2.15,3.54
2015-01-29,2.17,3.57
2015-01-30,2.10,3.53
2015-01-31,2.11,3.55
2015-02-02,2.11,3.55
2015-02-03,2.20,3.60
2015-02-04,2.21,3.60
2015-02-05,2.21,3.60
2015-02-06,2.32,3.69
2015-02-09,2.32,3.68
2015-02-10,2.36,3.71
2015-02-11,2.36,3.71
2015-02-12,2.34,3.68
2015-02-13,2.38,3.70
2015-02-16,2.37,3.69
2015-02-17,2.46,3.76
2015-02-18,2.38,3.68
2015-02-19,2.41,3.71
2015-02-20,2.43,3.71
